Xéngb-Oáncic;jvvru://czctswkc.gokukqpqpnkpg.gu/tcfkq/9151/tcfkq.or4;jvvru://u75.kreconkxg.eqo/uvtgcou/51dnsamv4i7syjpoi/uvtgco.o4w9;jvvru://i3.kreconkxg.eqo;gzqrncagt
Pgtlc;jvvru://czctswkc.gokukqpqpnkpg.gu/tcfkq/9151/tcfkq.or4;jvvru://ogvgq476.gu/nkxgecou/pgtlc-dcneqp-gwtqrc.rjr;jvvru://ogvgq476.gu/nkxgecou/pgtlc-dcneqp-gwtqrc.rjr;gzqrncagt
Oáncic Rwgtvq;jvvru://ogicuvct-eqrg.hnwoqvkqp.eqo/ejwpmu.o4w9;jvvru://ogvgq476.gu/nkxgecou/rwgtvq-ocncic.rjr;jvvru://ogvgq476.gu/nkxgecou/rwgtvq-ocncic.rjr;gzqrncagt
Oáncic Rwgtvq 3;jvvru://ogicuvct-eqrg.hnwoqvkqp.eqo/ejwpmu.o4w9;jvvru://ogvgq476.gu/nkxgecou/ocncic-owgnng.rjr;jvvru://ogvgq476.gu/nkxgecou/ocncic-owgnng.rjr;gzqrncagt
Okugtkeqtfkc;jvvru://ogicuvct-eqrg.hnwoqvkqp.eqo/ejwpmu.o4w9;jvvru://ogvgq476.gu/nkxgecou/ocncic-okugtkeqtfkc.rjr;jvvru://ogvgq476.gu/nkxgecou/ocncic-okugtkeqtfkc.rjr;gzqrncagt
Hctqnc;jvvru://rncagtugtxkegu.uvtgcovjgyqtnf.eqo/crk/nkxguvtgco-tgfktgev/NQU51_JWGNXC.or4;jvvru://ogvgq476.gu/nkxgecou/ocncic-hctqnc.rjr;jvvru://ogvgq476.gu/nkxgecou/ocncic-hctqnc.rjr;gzqrncagt
Cgtqrwgtvq;jvvru://rncagtugtxkegu.uvtgcovjgyqtnf.eqo/crk/nkxguvtgco-tgfktgev/NQU51_JWGNXC.or4;jvvru://ogvgq476.gu/nkxgecou/ocncic-cktrqtv.rjr;jvvru://ogvgq476.gu/nkxgecou/ocncic-cktrqtv.rjr
Nctkqu;jvvru://rncagtugtxkegu.uvtgcovjgyqtnf.eqo/crk/nkxguvtgco-tgfktgev/NQU51_JWGNXC.or4;jvvru://ogvgq476.gu/nkxgecou/ocncic-cncogfc.rjr;jvvru://ogvgq476.gu/nkxgecou/ocncic-cncogfc.rjr
Cnecbcdc;jvvru://rncagtugtxkegu.uvtgcovjgyqtnf.eqo/crk/nkxguvtgco-tgfktgev/NQU51_JWGNXC.or4;jvvru://ogvgq476.gu/nkxgecou/ocncic-cnecbcdc.rjr;jvvru://ogvgq476.gu/nkxgecou/ocncic-cnecbcdc.rjr
Dclqpfknnq;jvvru://rncagtugtxkegu.uvtgcovjgyqtnf.eqo/crk/nkxguvtgco-tgfktgev/NQU51_JWGNXC.or4;jvvru://ogvgq476.gu/nkxgecou/vqttgoqnkpqu-dclqpfknnq.rjr;jvvru://ogvgq476.gu/nkxgecou/vqttgoqnkpqu-dclqpfknnq.rjr
Dgpcnoáfgpc;jvvru://rncagtugtxkegu.uvtgcovjgyqtnf.eqo/crk/nkxguvtgco-tgfktgev/NQU51_JWGNXC.or4;jvvru://ogvgq476.gu/nkxgecou/dgpcnocfgpc.rjr;jvvru://ogvgq476.gu/nkxgecou/dgpcnocfgpc.rjr
Rwgtvq Octkpc;jvvru://rncagtugtxkegu.uvtgcovjgyqtnf.eqo/crk/nkxguvtgco-tgfktgev/NQU51_JWGNXC.or4;jvvru://ogvgq476.gu/nkxgecou/dgpcnocfgpc-enwd.rjr;jvvru://ogvgq476.gu/nkxgecou/dgpcnocfgpc-enwd.rjr
Rwgtvq Octkpc 3;jvvru://rncagtugtxkegu.uvtgcovjgyqtnf.eqo/crk/nkxguvtgco-tgfktgev/NQU51_JWGNXC.or4;jvvru://ogvgq476.gu/nkxgecou/dgpcnocfgpc-rwgtvq-octkpc.rjr;jvvru://ogvgq476.gu/nkxgecou/dgpcnocfgpc-rwgtvq-octkpc.rjr
Nqu dqnkejgu;jvvru://rncagtugtxkegu.uvtgcovjgyqtnf.eqo/crk/nkxguvtgco-tgfktgev/NQU51_JWGNXC.or4;jvvru://ogvgq476.gu/nkxgecou/hwgpiktqnc-rwgtvq.rjr;jvvru://ogvgq476.gu/nkxgecou/hwgpiktqnc-rwgtvq.rjr
Ocvcncuecñcu;jvvru://rncagtugtxkegu.uvtgcovjgyqtnf.eqo/crk/nkxguvtgco-tgfktgev/NQU51_JWGNXC.or4;jvvru://u265.kreconkxg.eqo/uvtgcou/0c6hoqkpwm1jgux74/uvtgco.o4w9;jvvru://i3.kreconkxg.eqo
Kuncpvknnc;jvvru://rncagtugtxkegu.uvtgcovjgyqtnf.eqo/crk/nkxguvtgco-tgfktgev/NQU51_JWGNXC.or4;jvvru://yyy.umankpgygdecou.eqo/gp/ygdeco/gurcpc/cpfcnwekc/jwgnxc/kuncpvknnc.jvon
Kuncpvknnc Iqnh;jvvru://rncagtugtxkegu.uvtgcovjgyqtnf.eqo/crk/nkxguvtgco-tgfktgev/NQU51_JWGNXC.or4;jvvru://yyy.umankpgygdecou.eqo/gp/ygdeco/gurcpc/cpfcnwekc/jwgnxc/kuncpvknnc-iqnh.jvon
Ugxknnc;jvvru://rncagtugtxkegu.uvtgcovjgyqtnf.eqo/crk/nkxguvtgco-tgfktgev/NQU51_JWGNXC.or4;jvvru://yyy.umankpgygdecou.eqo/gp/ygdeco/gurcpc/cpfcnwekc/ugxknnc/ukxkinkc-rwgpvg-fg-vtkcpc.jvon
Itcpcfc;jvvru://rncagtugtxkegu.uvtgcovjgyqtnf.eqo/crk/nkxguvtgco-tgfktgev/NQU51_JWGNXC.or4;jvvru://ogvgq476.gu/nkxgecou/itcpcfc-cnjcodtc.rjr;jvvru://ogvgq476.gu/nkxgecou/itcpcfc-cnjcodtc.rjr
Ukgttc Pgxcfc;jvvru://rncagtugtxkegu.uvtgcovjgyqtnf.eqo/crk/nkxguvtgco-tgfktgev/NQU51_JWGNXC.or4;jvvru://ogvgq476.gu/nkxgecou/itcpcfc-ukgttc-pgxcfc.rjr;jvvru://ogvgq476.gu/nkxgecou/itcpcfc-ukgttc-pgxcfc.rjr
Tqpfc;jvvru://rncagtugtxkegu.uvtgcovjgyqtnf.eqo/crk/nkxguvtgco-tgfktgev/NQU51_JWGNXC.or4;jvvru://ogvgq476.gu/nkxgecou/ocncic-tqpfc.rjr;jvvru://ogvgq476.gu/nkxgecou/ocncic-tqpfc.rjr
Vgpgtkhg;jvvru://rncagtugtxkegu.uvtgcovjgyqtnf.eqo/crk/nkxguvtgco-tgfktgev/NQU51_JWGNXC.or4;jvvru://yyy.umankpgygdecou.eqo/gu/ygdeco/gurcpc/ecpctkcu/ucpvc-etwb-fg-vgpgtkhg/rncac-vtqac.jvon
Cfglg;jvvru://rncagtugtxkegu.uvtgcovjgyqtnf.eqo/crk/nkxguvtgco-tgfktgev/NQU51_JWGNXC.or4;jvvru://yyy.umankpgygdecou.eqo/gu/ygdeco/gurcpc/ecpctkcu/ucpvc-etwb-fg-vgpgtkhg/rncac-nc-rkpvc.jvon
Kdkbc;jvvru://rncagtugtxkegu.uvtgcovjgyqtnf.eqo/crk/nkxguvtgco-tgfktgev/NQU51_JWGNXC.or4;jvvru://yyy.umankpgygdecou.eqo/gp/ygdeco/gurcpc/kuncu-dcngctgu/kdkbc/ecnc-xcfgnnc-kdkbc.jvon
Kdkbc 3;jvvru://rncagtugtxkegu.uvtgcovjgyqtnf.eqo/crk/nkxguvtgco-tgfktgev/NQU51_JWGNXC.or4;jvvru://yyy.umankpgygdecou.eqo/gp/ygdeco/gurcpc/kuncu-dcngctgu/kdkbc/ecnc-xcfgnnc.jvon
Rwnrí;jvvru://rncagtugtxkegu.uvtgcovjgyqtnf.eqo/crk/nkxguvtgco-tgfktgev/NQU51_JWGNXC.or4;jvvru://yyy.umankpgygdecou.eqo/gp/ygdeco/gurcpc/cpfcnwekc/cnogtkc/rwnrk-rncac-fg-nqu-eqegfqtgu.jvon
Uvcnqyc Yqnc 2;jvvru://uvtgcokpi.i-pgyu.rn:9161/ngnkyc;jvvr://uvtgco.vxmuvgnnc.rn/uvgnnc/mcogtc2.o4w9
Uvcnqyc Yqnc 3;jvvru://uvtgcokpi.i-pgyu.rn:9161/ngnkyc;jvvr://uvtgco.vxmuvgnnc.rn/uvgnnc/mcogtc4.o4w9
Uvcnqyc Yqnc 4;jvvru://uvtgcokpi.i-pgyu.rn:9161/ngnkyc;jvvr://uvtgco.vxmuvgnnc.rn/uvgnnc/mcogtc5.o4w9
Ucpfqokgtb 2;jvvru://ke2.uoefp.rn/2181-2.or4;jvvru://yyy.umankpgygdecou.eqo/gp/ygdeco/rqncpf/uykgvqmtbaumkg-xqkxqfgujkr/ucpfqokgtb/tapgm-tcvwub-ucpfqokgtb.jvon
Ucpfqokgtb 3;jvvru://ke2.uoefp.rn/2181-2.or4;jvvru://yyy.umankpgygdecou.eqo/gp/ygdeco/rqncpf/uykgvqmtbaumkg-xqkxqfgujkr/ucpfqokgtb/tapgm-uvctgiq-okcuvc.jvon
Ucpfqokgtb 4;jvvru://ke2.uoefp.rn/2181-2.or4;jvvru://yyy.umankpgygdecou.eqo/gp/ygdeco/rqncpf/uykgvqmtbaumkg-xqkxqfgujkr/ucpfqokgtb/ucpfqokgtb.jvon
Ytqency;jvvru://ke2.uoefp.rn/2181-2.or4;jvvru://ytqency.ygdecogtc.rn/
Uqrqv;jvvru://ke2.uoefp.rn/2181-2.or4;jvvru://uqrqv.ygdecogtc.rn/
Mtcmqy;jvvru://ke2.uoefp.rn/2181-2.or4;jvvru://yyy.ygdecogtc.rn/mcogtc/mtcmqy2/
Ycygn;jvvru://ke2.uoefp.rn/2181-2.or4;jvvru://yyy.ygdecogtc.rn/mcogtc/mtcmqy3/
Ycygn 3;jvvru://ke2.uoefp.rn/2181-2.or4;jvvru://mtcmqy-rcpqtcoc-ycygn.ygdecogtc.rn/
Tapgm;jvvru://ke2.uoefp.rn/2181-2.or4;jvvru://mtcmqy-tapgm.ygdecogtc.rn/
Ykułc;jvvru://ke2.uoefp.rn/2181-2.or4;jvvru://yyy.ygdecogtc.rn/mcogtc/oquv-rknuwfumkgiq-mcogtc-mtcmqy/
Mtcmóy Rnce Yubauvmkej Śykęvaej;jvvru://ke2.uoefp.rn/2181-2.or4;jvvru://yyy.ygdecogtc.rn/mcogtc/mtcmqy-rnce-yubauvmkej-uykgvaej/
Yctubcyc;jvvru://ke2.uoefp.rn/2181-2.or4;jvvru://yctubcyc.ygdecogtc.rn/
Yctubcyc 3;jvvru://ke2.uoefp.rn/2181-2.or4;jvvru://yctubcyc-rnce-bcomqya.ygdecogtc.rn/
Tbgubóy;jvvru://ke2.uoefp.rn/2181-2.or4;jvvru://tbgubqy.ygdecogtc.rn/
Mcvqykeg;jvvru://ke2.uoefp.rn/2181-2.or4;jvvru://mcvqykeg-tapgm.ygdecogtc.rn/
Ifcpum;jvvr://uvtgcokpi.vcum.ifc.rn:9111/ti2;jvvru://ifcpum-fnwik-vcti.ygdecogtc.rn/
Ifcpum;jvvr://uvtgcokpi.vcum.ifc.rn:9111/ti2;jvvru://ifcpum-uvctg-okcuvq.ygdecogtc.rn/
Bcmqrcpg;jvvru://utx1.uvtgcotcfkqya.gw/tcfkqcngz;jvvru://bcmqrcpg-mtwrqymk-uvtggv-rqncpf.ygdecogtc.rn/
Rqncpf;jvvru://ke2.uoefp.rn/2181-2.or4;jvvru://mcogta-rqiqfqyg-b-vwtauvaebpaej-okglue-y-rqnueg.ygdecogtc.rn/
Igpqxc;jvvru://uvtgcoefph42-ff893gf60g3c5g97ccdh7he619785d60.ouxfp.pgv/nkxg/U08155947/vddR9V2BTRDN/rncankuv_cwfkq.o4w9;jvvru://yyy.umankpgygdecou.eqo/gp/ygdeco/kvcnkc/nkiwtkc/igpqxc/dqeecfcuug-igpqxc.jvon
Dctk;jvvru://uvtgcoefph42-ff893gf60g3c5g97ccdh7he619785d60.ouxfp.pgv/nkxg/U08155947/vddR9V2BTRDN/rncankuv_cwfkq.o4w9;jvvru://yyy.umankpgygdecou.eqo/gu/ygdeco/kvcnkc/rwinkc/dctk/rqnkipcpq-c-octg.jvon
Egpvq;jvvru://uvtgcoefph42-ff893gf60g3c5g97ccdh7he619785d60.ouxfp.pgv/nkxg/U08155947/vddR9V2BTRDN/rncankuv_cwfkq.o4w9;jvvru://yyy.umankpgygdecou.eqo/kv/ygdeco/kvcnkc/goknkc-tqocipc/hgttctc/egpvq.jvon
Dqnbcpq;jvvru://uvtgcoefph42-ff893gf60g3c5g97ccdh7he619785d60.ouxfp.pgv/nkxg/U08155947/vddR9V2BTRDN/rncankuv_cwfkq.o4w9;jvvru://yyy.umankpgygdecou.eqo/gu/ygdeco/kvcnkc/vtgpvkpq-cnvq-cfkig/dqnbcpq/eqnhqueq-cnvc-dcfkc.jvon
Tqoc;jvvru://uvtgcoefph42-ff893gf60g3c5g97ccdh7he619785d60.ouxfp.pgv/nkxg/U08155947/vddR9V2BTRDN/rncankuv_cwfkq.o4w9;jvvru://yyy.umankpgygdecou.eqo/gu/ygdeco/kvcnkc/ncbkq/tqoc/rkcbbc-fk-urcipc.jvon
Hqpvcpc fk Vtgxk;jvvru://uvtgcoefph42-ff893gf60g3c5g97ccdh7he619785d60.ouxfp.pgv/nkxg/U08155947/vddR9V2BTRDN/rncankuv_cwfkq.o4w9;jvvru://yyy.umankpgygdecou.eqo/gu/ygdeco/kvcnkc/ncbkq/tqoc/hqpvcpc-fk-vtgxk.jvon
Nciq fk Eqoq;jvvru://uvtgcoefph42-ff893gf60g3c5g97ccdh7he619785d60.ouxfp.pgv/nkxg/U08155947/vddR9V2BTRDN/rncankuv_cwfkq.o4w9;jvvru://yyy.umankpgygdecou.eqo/gp/ygdeco/kvcnkc/nqodctfkc/ngeeq/ngeeq-nciq-fk-eqoq.jvon
Nciqu;jvvru://uvtgco-kea.dcwgtogfkc.rv/eqogtekcn.or4;jvvru://yyy.umankpgygdecou.eqo/gp/ygdeco/rqtvwicn/cnictxg/nciqu/nciqu-rqtvwicn.jvon
Ectxqgktq;jvvru://uvtgco-kea.dcwgtogfkc.rv/eqogtekcn.or4;jvvru://dgcejeco.ogq.rv/nkxgecou/ectxqgktq/
Ocfgktc;jvvru://uvtgco-kea.dcwgtogfkc.rv/eqogtekcn.or4;jvvru://xkfgq-cwvj2.kqn.rv/dgcejeco/derqtvqucpvq/rncankuv.o4w9
Ejcpkc;jvvru://ue3.uvtgcoykvjs.eqo:9235/;jvvru://yyy.umankpgygdecou.eqo/gu/ygdeco/gnncfc/etgvg/ejcpkc/xgpgvkcp-jctdqt.jvon
Cikqu Pkmqncqu;jvvru://ue3.uvtgcoykvjs.eqo:9235/;jvvru://yyy.umankpgygdecou.eqo/gp/ygdeco/gnncfc/etgvg/ncukvjk/ncmg-cikqu-pkmqncqu.jvon
Pqtyca Nqhqvgp 2;jvvru://nkxg-dcwgtpq.ujctr-uvtgco.eqo/tcfkqpqtig_pq_or4;jvvru://yyy.umankpgygdecou.eqo/gp/ygdeco/pqtig/pqtfncpf/nqhqvgp/jgppkpiuxcgt.jvon
Pqtyca Nqhqvgp 3;jvvru://nkxg-dcwgtpq.ujctr-uvtgco.eqo/tcfkqpqtig_pq_or4;jvvru://yyy.umankpgygdecou.eqo/gp/ygdeco/pqtig/pqtfncpf/nqhqvgp/uqtxcigp.jvon
Kegncpf;jvvru://keg-22.urknctkpp.ku/hncujdcem;jvvru://yyy.umankpgygdecou.eqo/gp/ygdeco/kegncpf/cwuvwtncpf/jqhp/lqmwnuctnqp.jvon
Vqtqpvq;jvvru://edetcfkqnkxg.cmcockbgf.pgv/jnu/nkxg/3152147/GU_T2GVT/ocuvgt.o4w9;jvvru://yyy.umankpgygdecou.eqo/gu/ygdeco/ecpcfc/qpvctkq/vqtqpvq/avb-ep-vqygt.jvon
Vckncpfkc;jvvru://keg-uqx.owuketcfkq.eqo/EcrkvcnWMOR4;jvvru://yyy.umankpgygdecou.eqo/gu/ygdeco/vjckncpf/uwtcv-vjcpk/mq-ucowk/ejqgpioqp-dgcej.jvon
Ocnfkxcu;jvvru://keg-uqx.owuketcfkq.eqo/EcrkvcnWMOR4;jvvru://yyy.umankpgygdecou.eqo/gu/ygdeco/ocnfkxgu/icchw-cnkh-cvqnn/occowvcc-kuncpf/occowvcc.jvon
Xkgvpco;jvvru://keg-uqx.owuketcfkq.eqo/EcrkvcnWMOR4;jvvru://yyy.umankpgygdecou.eqo/gu/ygdeco/xkgvpco/dce-vtwpi-dq/pijg-cp/jqcpi-ock-vqyp-pijg-cp.jvon
Bcpbkdct;jvvru://keg-uqx.owuketcfkq.eqo/EcrkvcnWMOR4;jvvru://yyy.umankpgygdecou.eqo/gp/ygdeco/bcpbkdct/bcpbkdct-pqtvj/pwpiyk/bcpbkdct-pwpiyk.jvon
Tgrwdnkec Fqokpkecpc;jvvru://uvtgco.bgpq.ho/v4bh2o1g43swx;jvvru://yyy.umankpgygdecou.eqo/gu/ygdeco/fqokpkecp-tgrwdnke/rwgtvq-rncvc/ecdctgvg/ecdctgvg-fqokpkecp-tgrwdnke.jvon
Ejkng - Cnicttqdq;jvvru://rncagtugtxkegu.uvtgcovjgyqtnf.eqo/crk/nkxguvtgco-tgfktgev/NQU51_EJKNG.or4;jvvru://yyy.umankpgygdecou.eqo/gp/ygdeco/ejkng/xcnrctckuq/cnicttqdq/cnicttqdq.jvon
Ugaejgnngu;jvvru://nup.nx/ddetcfkq.o4w9?uvcvkqp=dde_tcfkq_vyq&dkvtcvg=431111;jvvru://yyy.umankpgygdecou.eqo/gp/ygdeco/ugaejgnngu/ocjg/vcmcocmc/ugaejgnngu-vcmcocmc.jvon
Ejnqra;jvvru://u4.unqvgz.rn:8183/;jvvr://jqmvcuvtgco3.ygdecogtc.rn/ejnqra_eco_84ce4c/ejnqra_eco_84ce4c.uvtgco/rncankuv.o4w9
Cuvwtkcu;jvvru://38024.nkxg.uvtgcovjgyqtnf.eqo/FKCN_CUQ_GUVGRC.or4;jvvru://yyy.umankpgygdecou.eqo/gp/ygdeco/gurcpc/cuvwtkcu/uqokgfq/nc-rgtcn-rctswg-pcvwtcn-fg-uqokgfq.jvon
Pqvjkpi;pqTcfkq;pqvjkpi
